item_slider href,product_image src,product_image src 2,p_sale,p_old_price,p_sale 2,p_name,product_color src,product_color src 2,txl,inline href,ReviewRating
https://www.forever21.com/ca/shop/catalog/product/f21/bottoms/2000323054,https://www.forever21.com/images/default_330/00323054-08.jpg,https://www.forever21.com/images/default_330/00323054-08.jpg,$29.90 ,33.9,12% OFF,Raw-Cut Denim Mini Skirt,https://www.forever21.com/images/sw_22/00323054-08.jpg,,,,
https://www.forever21.com/ca/shop/catalog/product/f21/top_blouses/2000353350,https://www.forever21.com/images/5_detail_330/00353350-05.jpg,https://www.forever21.com/images/default_330/00353350-05.jpg,$12.00 ,17.90,33% OFF,Strappy Floral Tiered Cami,https://www.forever21.com/images/sw_22/00353350-05.jpg,https://www.forever21.com/images/sw_22/00353350-06.jpg,3 Colors,https://www.forever21.com/ca/shop/catalog/product/f21/top_blouses/2000353350,-1
https://www.forever21.com/ca/shop/catalog/product/f21/top_blouses/2000351368,https://www.forever21.com/images/5_detail_330/00351368-04.jpg,https://www.forever21.com/images/default_330/00351368-04.jpg,$12.00 ,17.90,33% OFF,Daisy Print Cropped Halter Top,https://www.forever21.com/images/sw_22/00351368-04.jpg,https://www.forever21.com/images/sw_22/00351368-05.jpg,3 Colors,https://www.forever21.com/ca/shop/catalog/product/f21/top_blouses/2000351368,-1
https://www.forever21.com/ca/shop/catalog/product/f21/21_items/2000108622,https://www.forever21.com/images/4_full_330/00108622-02.jpg,https://www.forever21.com/images/default_330/00108622-02.jpg,$20.00 ,21.90,9% OFF,Raw-Cut Denim Skirt,https://www.forever21.com/images/sw_22/00108622-02.jpg,https://www.forever21.com/images/sw_22/00108622-03.jpg,2 Colors,https://www.forever21.com/ca/shop/catalog/product/f21/21_items/2000108622,-1
https://www.forever21.com/ca/shop/catalog/product/f21/top_t-shirts/2000194618,https://www.forever21.com/images/4_full_330/00194618-04.jpg,https://www.forever21.com/images/default_330/00194618-04.jpg,$9.90 ,10.90,10% OFF,Contemporary Stretch-Knit Tee,https://www.forever21.com/images/sw_22/00194618-04.jpg,,,,
https://www.forever21.com/ca/shop/catalog/product/f21/top_blouses/2000296613,https://www.forever21.com/images/default_330/00296613-04.jpg,https://www.forever21.com/images/default_330/00296613-04.jpg,$19.90 ,22.90,14% OFF,Tropical Print Crop Top,https://www.forever21.com/images/sw_22/00296613-04.jpg,,,https://www.forever21.com/ca/shop/catalog/product/f21/top_blouses/2000296613,-8
https://www.forever21.com/ca/shop/catalog/product/f21/sale_women/2000340904,https://www.forever21.com/images/5_detail_330/00340904-02.jpg,https://www.forever21.com/images/default_330/00340904-02.jpg,$16.99 ,24.90,32% OFF,Leopard Print Zip-Front Denim Skirt,https://www.forever21.com/images/sw_22/00340904-02.jpg,,,https://www.forever21.com/ca/shop/catalog/product/f21/sale_women/2000340904,-2
https://www.forever21.com/ca/shop/catalog/product/f21/top_t-shirts/2000332919,https://www.forever21.com/images/4_full_330/00332919-03.jpg,https://www.forever21.com/images/default_330/00332919-03.jpg,$12.99 ,19.90,35% OFF,V-Neck Lace Top,https://www.forever21.com/images/sw_22/00332919-03.jpg,https://www.forever21.com/images/sw_22/00332919-05.jpg,2 Colors,,
https://www.forever21.com/ca/shop/catalog/product/f21/dress_bodycon/2000335601,https://www.forever21.com/images/4_full_330/00335601-05.jpg,https://www.forever21.com/images/default_330/00335601-05.jpg,$11.99 ,17.90,34% OFF,Striped Scoop Neck Tank Dress,https://www.forever21.com/images/sw_22/00335601-05.jpg,https://www.forever21.com/images/sw_22/00335601-04.jpg,2 Colors,https://www.forever21.com/ca/shop/catalog/product/f21/dress_bodycon/2000335601,-9
https://www.forever21.com/ca/shop/catalog/product/f21/sale_women/2000338674,https://www.forever21.com/images/5_detail_330/00338674-06.jpg,https://www.forever21.com/images/default_330/00338674-06.jpg,$10.99 ,15.90,31% OFF,French Terry Lounge Shorts,https://www.forever21.com/images/sw_22/00338674-06.jpg,https://www.forever21.com/images/sw_22/00338674-04.jpg,2 Colors,https://www.forever21.com/ca/shop/catalog/product/f21/sale_women/2000338674,-2
https://www.forever21.com/ca/shop/catalog/product/f21/top_t-shirts/2000334680,https://www.forever21.com/images/default_330/00334680-04.jpg,https://www.forever21.com/images/default_330/00334680-04.jpg,$8.99 ,12.90,31% OFF,Ribbed Stretch Tube Top,https://www.forever21.com/images/sw_22/00334680-04.jpg,https://www.forever21.com/images/sw_22/00334680-03.jpg,2 Colors,https://www.forever21.com/ca/shop/catalog/product/f21/top_t-shirts/2000334680,-3
https://www.forever21.com/ca/shop/catalog/product/f21/top_blouses/2000323538,https://www.forever21.com/images/4_full_330/00323538-06.jpg,https://www.forever21.com/images/default_330/00323538-06.jpg,$12.99 ,19.90,35% OFF,Flounce Tie-Front Top,https://www.forever21.com/images/sw_22/00323538-06.jpg,https://www.forever21.com/images/sw_22/00323538-07.jpg,2 Colors,,
https://www.forever21.com/ca/shop/catalog/product/f21/top_t-shirts/2000341094,https://www.forever21.com/images/5_detail_330/00341094-06.jpg,https://www.forever21.com/images/default_330/00341094-06.jpg,$11.99 ,17.90,34% OFF,Ribbed Cami Bodysuit,https://www.forever21.com/images/sw_22/00341094-06.jpg,https://www.forever21.com/images/sw_22/00341094-08.jpg,2 Colors,,
https://www.forever21.com/ca/shop/catalog/product/f21/activewear/2000326989,https://www.forever21.com/images/3_back_330/00326989-01.jpg,https://www.forever21.com/images/default_330/00326989-01.jpg,$12.99 ,19.90,35% OFF,Low Impact - Sports Bra,https://www.forever21.com/images/sw_22/00326989-01.jpg,,,,
https://www.forever21.com/ca/shop/catalog/product/f21/shoes_sandalsflipflops/2000336076,https://www.forever21.com/images/5_detail_330/00336076-02.jpg,https://www.forever21.com/images/default_330/00336076-02.jpg,$10.99 ,15.90,31% OFF,Strappy Jelly Sandals,https://www.forever21.com/images/sw_22/00336076-02.jpg,https://www.forever21.com/images/sw_22/00336076-03.jpg,3 Colors,https://www.forever21.com/ca/shop/catalog/product/f21/shoes_sandalsflipflops/2000336076,-27
https://www.forever21.com/ca/shop/catalog/product/f21/top_t-shirts/2000347316,https://www.forever21.com/images/default_330/00347316-02.jpg,https://www.forever21.com/images/default_330/00347316-02.jpg,$11.99 ,17.90,34% OFF,Floral Print Bodysuit,https://www.forever21.com/images/sw_22/00347316-02.jpg,,,https://www.forever21.com/ca/shop/catalog/product/f21/top_t-shirts/2000347316,-2
https://www.forever21.com/ca/shop/catalog/product/f21/top_blouses/2000339769,https://www.forever21.com/images/4_full_330/00339769-04.jpg,https://www.forever21.com/images/default_330/00339769-04.jpg,$11.99 ,17.90,34% OFF,Striped Flounce Cropped Cami,https://www.forever21.com/images/sw_22/00339769-04.jpg,,,https://www.forever21.com/ca/shop/catalog/product/f21/top_blouses/2000339769,-9
https://www.forever21.com/ca/shop/catalog/product/f21/top_t-shirts/2000341367,https://www.forever21.com/images/4_full_330/00341367-03.jpg,https://www.forever21.com/images/default_330/00341367-03.jpg,$12.99 ,19.90,35% OFF,Ribbed Cropped Cami,https://www.forever21.com/images/sw_22/00341367-03.jpg,https://www.forever21.com/images/sw_22/00341367-04.jpg,2 Colors,,
https://www.forever21.com/ca/shop/catalog/product/f21/top_blouses/2000350340,https://www.forever21.com/images/4_full_330/00350340-01.jpg,https://www.forever21.com/images/default_330/00350340-01.jpg,$8.99 ,12.90,31% OFF,Tiger Print Cami,https://www.forever21.com/images/sw_22/00350340-01.jpg,,,,
https://www.forever21.com/ca/shop/catalog/product/f21/top_t-shirts/2000334227,https://www.forever21.com/images/4_full_330/00334227-06.jpg,https://www.forever21.com/images/default_330/00334227-06.jpg,$8.99 ,12.90,31% OFF,Ribbed Striped Lettuce-Edge Crop Top,https://www.forever21.com/images/sw_22/00334227-06.jpg,,,,
https://www.forever21.com/ca/shop/catalog/product/f21/top_t-shirts/2000334278,https://www.forever21.com/images/4_full_330/00334278-05.jpg,https://www.forever21.com/images/default_330/00334278-05.jpg,$8.99 ,12.90,31% OFF,Ribbed Ringer Tee,https://www.forever21.com/images/sw_22/00334278-05.jpg,https://www.forever21.com/images/sw_22/00334278-06.jpg,2 Colors,https://www.forever21.com/ca/shop/catalog/product/f21/top_t-shirts/2000334278,-4
https://www.forever21.com/ca/shop/catalog/product/f21/top_t-shirts/2000330173,https://www.forever21.com/images/4_full_330/00330173-05.jpg,https://www.forever21.com/images/default_330/00330173-05.jpg,$12.99 ,19.90,35% OFF,Sweater-Knit Multicolor Striped Cami,https://www.forever21.com/images/sw_22/00330173-05.jpg,https://www.forever21.com/images/sw_22/00330173-03.jpg,3 Colors,https://www.forever21.com/ca/shop/catalog/product/f21/top_t-shirts/2000330173,-12
https://www.forever21.com/ca/shop/catalog/product/f21/21_items/2000344950,https://www.forever21.com/images/5_detail_330/00344950-05.jpg,https://www.forever21.com/images/default_330/00344950-05.jpg,$8.99 ,12.90,31% OFF,Bodycon Mini Skirt,https://www.forever21.com/images/sw_22/00344950-05.jpg,,,https://www.forever21.com/ca/shop/catalog/product/f21/21_items/2000344950,-4
https://www.forever21.com/ca/shop/catalog/product/f21/top_t-shirts/2000342112,https://www.forever21.com/images/4_full_330/00342112-05.jpg,https://www.forever21.com/images/default_330/00342112-05.jpg,$5.99 ,9.90,40% OFF,Cropped Striped Smocked Tube Top,https://www.forever21.com/images/sw_22/00342112-05.jpg,https://www.forever21.com/images/sw_22/00342112-04.jpg,2 Colors,https://www.forever21.com/ca/shop/catalog/product/f21/top_t-shirts/2000342112,-5
https://www.forever21.com/ca/shop/catalog/product/f21/21_items/2000333331,https://www.forever21.com/images/4_full_330/00333331-08.jpg,https://www.forever21.com/images/default_330/00333331-08.jpg,$11.99 ,17.90,34% OFF,Bodycon Midi Skirt,https://www.forever21.com/images/sw_22/00333331-08.jpg,,,https://www.forever21.com/ca/shop/catalog/product/f21/21_items/2000333331,-14
https://www.forever21.com/ca/shop/catalog/product/f21/bottoms/2000307837,https://www.forever21.com/images/5_detail_330/00307837-02.jpg,https://www.forever21.com/images/default_330/00307837-02.jpg,$6.45 ,12.90,50% OFF,Velvet High-Rise Shorts,https://www.forever21.com/images/sw_22/00307837-02.jpg,,,https://www.forever21.com/ca/shop/catalog/product/f21/bottoms/2000307837,-1
https://www.forever21.com/ca/shop/catalog/product/f21/dress_mini/2000340838,https://www.forever21.com/images/4_full_330/00340838-02.jpg,https://www.forever21.com/images/default_330/00340838-02.jpg,$19.99 ,29.90,34% OFF,Floral Button-Front Mini Dress,https://www.forever21.com/images/sw_22/00340838-02.jpg,,,,
https://www.forever21.com/ca/shop/catalog/product/f21/activewear/2000341598,https://www.forever21.com/ca/shop/_common/images/c_loading.gif,https://www.forever21.com/images/default_330/00341598-03.jpg,$15.99 ,22.90,31% OFF,Active Hooded Heathered Jacket,https://www.forever21.com/images/sw_22/00341598-03.jpg,https://www.forever21.com/images/sw_22/00341598-01.jpg,3 Colors,,
https://www.forever21.com/ca/shop/catalog/product/f21/top_t-shirts/2000345703,https://www.forever21.com/images/4_full_330/00345703-05.jpg,https://www.forever21.com/images/default_330/00345703-05.jpg,$5.99 ,9.90,40% OFF,Ribbed Twist-Front Tube Top,https://www.forever21.com/images/sw_22/00345703-05.jpg,,,,
https://www.forever21.com/ca/shop/catalog/product/f21/top_t-shirts/2000341082,https://www.forever21.com/ca/shop/_common/images/c_loading.gif,https://www.forever21.com/images/default_330/00341082-04.jpg,$12.99 ,19.90,35% OFF,Sheer Floral Lace Boxy Tee,https://www.forever21.com/images/sw_22/00341082-04.jpg,,,https://www.forever21.com/ca/shop/catalog/product/f21/top_t-shirts/2000341082,-3
https://www.forever21.com/ca/shop/catalog/product/f21/shoes_sneakers/2000330017,https://www.forever21.com/images/default_330/00330017-03.jpg,https://www.forever21.com/images/default_330/00330017-03.jpg,$22.99 ,32.90,31% OFF,Perforated Low Top Sneakers,https://www.forever21.com/images/sw_22/00330017-03.jpg,,,https://www.forever21.com/ca/shop/catalog/product/f21/shoes_sneakers/2000330017,-5
https://www.forever21.com/ca/shop/catalog/product/f21/sweater/2000228925,https://www.forever21.com/images/5_detail_330/00228925-02.jpg,https://www.forever21.com/images/default_330/00228925-02.jpg,$13.99 ,20.90,34% OFF,Roller Skate Print Sweatshirt,https://www.forever21.com/images/sw_22/00228925-02.jpg,,,https://www.forever21.com/ca/shop/catalog/product/f21/sweater/2000228925,-3
https://www.forever21.com/ca/shop/catalog/product/f21/sale/2000292410,https://www.forever21.com/images/5_detail_330/00292410-03.jpg,https://www.forever21.com/images/default_330/00292410-03.jpg,$26.99 ,43.90,39% OFF,High-Rise Flare Jeans,https://www.forever21.com/images/sw_22/00292410-03.jpg,,,https://www.forever21.com/ca/shop/catalog/product/f21/sale/2000292410,-11
https://www.forever21.com/ca/shop/catalog/product/f21/sale/2000190794,https://www.forever21.com/images/4_full_330/00190794-03.jpg,https://www.forever21.com/images/default_330/00190794-03.jpg,$13.99 ,20.90,34% OFF,Ribbed Knit Top,https://www.forever21.com/images/sw_22/00190794-03.jpg,https://www.forever21.com/images/sw_22/00190794-01.jpg,2 Colors,,
https://www.forever21.com/ca/shop/catalog/product/f21/dress_bodycon/2000316966,https://www.forever21.com/images/4_full_330/00316966-01.jpg,https://www.forever21.com/images/default_330/00316966-01.jpg,$28.99 ,42.00,31% OFF,Striped-Trim Off-the-Shoulder Bodycon Dress,https://www.forever21.com/images/sw_22/00316966-01.jpg,,,https://www.forever21.com/ca/shop/catalog/product/f21/dress_bodycon/2000316966,-5
https://www.forever21.com/ca/shop/catalog/product/f21/sale/2000313230,https://www.forever21.com/images/default_330/00313230-01.jpg,https://www.forever21.com/images/default_330/00313230-01.jpg,$44.99 ,65.00,31% OFF,Colorblock Puffer Jacket,https://www.forever21.com/images/sw_22/00313230-01.jpg,https://www.forever21.com/images/sw_22/00313230-02.jpg,2 Colors,https://www.forever21.com/ca/shop/catalog/product/f21/sale/2000313230,-10
https://www.forever21.com/ca/shop/catalog/product/f21/sale_women/2000204207,https://www.forever21.com/images/3_back_330/00204207-03.jpg,https://www.forever21.com/images/default_330/00204207-03.jpg,$17.99 ,30.90,42% OFF,Sheer Glitter-Dot Bra,https://www.forever21.com/images/sw_22/00204207-03.jpg,,,,
https://www.forever21.com/ca/shop/catalog/product/f21/sale/2000307173,https://www.forever21.com/images/4_full_330/00307173-02.jpg,https://www.forever21.com/images/default_330/00307173-02.jpg,$23.99 ,35.00,32% OFF,Kikiriki Plunging Halter Jumpsuit,https://www.forever21.com/images/sw_22/00307173-02.jpg,,,https://www.forever21.com/ca/shop/catalog/product/f21/sale/2000307173,-1
https://www.forever21.com/ca/shop/catalog/product/f21/sale/2000303936,https://www.forever21.com/images/5_detail_330/00303936-02.jpg,https://www.forever21.com/images/default_330/00303936-02.jpg,$12.99 ,19.90,35% OFF,Camo Print Top,https://www.forever21.com/images/sw_22/00303936-02.jpg,,,https://www.forever21.com/ca/shop/catalog/product/f21/sale/2000303936,-6
https://www.forever21.com/ca/shop/catalog/product/f21/top_blouses/2000341366,https://www.forever21.com/images/4_full_330/00341366-02.jpg,https://www.forever21.com/images/default_330/00341366-02.jpg,$15.99 ,22.90,31% OFF,Multicolor Stitched Crop Top,https://www.forever21.com/images/sw_22/00341366-02.jpg,,,https://www.forever21.com/ca/shop/catalog/product/f21/top_blouses/2000341366,-2
https://www.forever21.com/ca/shop/catalog/product/f21/sale/2000190671,https://www.forever21.com/images/default_330/00190671-03.jpg,https://www.forever21.com/images/default_330/00190671-03.jpg,$20.99 ,30.90,33% OFF,Happy Face Patch Hoodie,https://www.forever21.com/images/sw_22/00190671-03.jpg,,,,
https://www.forever21.com/ca/shop/catalog/product/f21/sale/2000294764,https://www.forever21.com/images/4_full_330/00294764-02.jpg,https://www.forever21.com/images/default_330/00294764-02.jpg,$10.99 ,17.90,39% OFF,Pinstriped Tie-Front Top,https://www.forever21.com/images/sw_22/00294764-02.jpg,https://www.forever21.com/images/sw_22/00294764-01.jpg,3 Colors,,
https://www.forever21.com/ca/shop/catalog/product/f21/top_t-shirts/2000213168,https://www.forever21.com/images/4_full_330/00213168-03.jpg,https://www.forever21.com/images/default_330/00213168-03.jpg,$13.99 ,20.90,34% OFF,Striped V-Neck Top,https://www.forever21.com/images/sw_22/00213168-03.jpg,https://www.forever21.com/images/sw_22/00213168-02.jpg,2 Colors,https://www.forever21.com/ca/shop/catalog/product/f21/top_t-shirts/2000213168,-2
https://www.forever21.com/ca/shop/catalog/product/f21/sale/2000299630,https://www.forever21.com/images/4_full_330/00299630-02.jpg,https://www.forever21.com/images/default_330/00299630-02.jpg,$17.99 ,25.90,31% OFF,Colorblock Drawstring Hoodie,https://www.forever21.com/images/sw_22/00299630-02.jpg,https://www.forever21.com/images/sw_22/00299630-01.jpg,2 Colors,https://www.forever21.com/ca/shop/catalog/product/f21/sale/2000299630,-6
https://www.forever21.com/ca/shop/catalog/product/f21/dress_bodycon/2000324827,https://www.forever21.com/images/4_full_330/00324827-01.jpg,https://www.forever21.com/images/default_330/00324827-01.jpg,$18.99 ,28.00,33% OFF,Striped-Trim Tube Dress,https://www.forever21.com/images/sw_22/00324827-01.jpg,,,,
https://www.forever21.com/ca/shop/catalog/product/f21/bottoms/2000232946,https://www.forever21.com/images/default_330/00232946-10.jpg,https://www.forever21.com/images/default_330/00232946-10.jpg,$5.99 ,13.90,57% OFF,Ribbed Knit Mini Skirt,https://www.forever21.com/images/sw_22/00232946-10.jpg,,,https://www.forever21.com/ca/shop/catalog/product/f21/bottoms/2000232946,-1
https://www.forever21.com/ca/shop/catalog/product/f21/sweater/2000215347,https://www.forever21.com/images/5_detail_330/00215347-01.jpg,https://www.forever21.com/images/default_330/00215347-01.jpg,$22.99 ,33.90,33% OFF,Def Leppard Band Hoodie,https://www.forever21.com/images/sw_22/00215347-01.jpg,,,https://www.forever21.com/ca/shop/catalog/product/f21/sweater/2000215347,-8
https://www.forever21.com/ca/shop/catalog/product/f21/top_blouses/2000359342,https://www.forever21.com/images/4_full_330/00359342-03.jpg,https://www.forever21.com/images/default_330/00359342-03.jpg,$21.99 ,32.00,32% OFF,Sheer Chiffon Tie-Front Top,https://www.forever21.com/images/sw_22/00359342-03.jpg,,,,
https://www.forever21.com/ca/shop/catalog/product/f21/sale/2000316780,https://www.forever21.com/images/4_full_330/00316780-05.jpg,https://www.forever21.com/images/default_330/00316780-05.jpg,$41.52 ,51.90,20% OFF,Puffer Bomber Jacket,https://www.forever21.com/images/sw_22/00316780-05.jpg,https://www.forever21.com/images/sw_22/00316780-06.jpg,2 Colors,https://www.forever21.com/ca/shop/catalog/product/f21/sale/2000316780,-70
https://www.forever21.com/ca/shop/catalog/product/f21/outerwear_utility-jackets/2000342948,https://www.forever21.com/images/4_full_330/00342948-03.jpg,https://www.forever21.com/images/default_330/00342948-03.jpg,$23.99 ,34.90,32% OFF,Toggle Drawstring Windbreaker Jacket,https://www.forever21.com/images/sw_22/00342948-03.jpg,,,https://www.forever21.com/ca/shop/catalog/product/f21/outerwear_utility-jackets/2000342948,-5
https://www.forever21.com/ca/shop/catalog/product/f21/sale/2000297000,https://www.forever21.com/images/default_330/00297000-02.jpg,https://www.forever21.com/images/default_330/00297000-02.jpg,$19.90 ,22.90,14% OFF,Camo Print Pullover,https://www.forever21.com/images/sw_22/00297000-02.jpg,,,https://www.forever21.com/ca/shop/catalog/product/f21/sale/2000297000,-5
https://www.forever21.com/ca/shop/catalog/product/f21/sale/2000267501,https://www.forever21.com/images/4_full_330/00267501-06.jpg,https://www.forever21.com/images/default_330/00267501-06.jpg,$13.99 ,20.90,34% OFF,Boxy Striped Tee,https://www.forever21.com/images/sw_22/00267501-06.jpg,https://www.forever21.com/images/sw_22/00267501-04.jpg,7 Colors,https://www.forever21.com/ca/shop/catalog/product/f21/sale/2000267501,-14
https://www.forever21.com/ca/shop/catalog/product/f21/sale/2000229955,https://www.forever21.com/images/5_detail_330/00229955-01.jpg,https://www.forever21.com/images/default_330/00229955-01.jpg,$38.99 ,56.90,32% OFF,Sequined Denim Jacket,https://www.forever21.com/images/sw_22/00229955-01.jpg,,,https://www.forever21.com/ca/shop/catalog/product/f21/sale/2000229955,-5
https://www.forever21.com/ca/shop/catalog/product/f21/acc_hat/2000251965,https://www.forever21.com/images/5_detail_330/00251965-02.jpg,https://www.forever21.com/images/default_330/00251965-02.jpg,$9.99 ,14.90,33% OFF,Faux Leather Baseball Cap,https://www.forever21.com/images/sw_22/00251965-02.jpg,https://www.forever21.com/images/sw_22/00251965-03.jpg,2 Colors,,
https://www.forever21.com/ca/shop/catalog/product/f21/top_t-shirts/2000289907,https://www.forever21.com/ca/shop/_common/images/c_loading.gif,https://www.forever21.com/images/default_330/00289907-06.jpg,$15.99 ,22.90,31% OFF,Ribbed V-Neck Top,https://www.forever21.com/images/sw_22/00289907-06.jpg,,,,
https://www.forever21.com/ca/shop/catalog/product/f21/sale/2000057946,https://www.forever21.com/images/5_detail_330/00057946-01.jpg,https://www.forever21.com/images/default_330/00057946-01.jpg,$36.99 ,52.90,31% OFF,Marled Knit Strappy Top,https://www.forever21.com/images/sw_22/00057946-01.jpg,,,https://www.forever21.com/ca/shop/catalog/product/f21/sale/2000057946,-2
https://www.forever21.com/ca/shop/catalog/product/f21/sweater/2000298437,https://www.forever21.com/images/5_detail_330/00298437-02.jpg,https://www.forever21.com/images/default_330/00298437-02.jpg,$20.99 ,30.90,33% OFF,Savage Graphic Colorblock Pullover,https://www.forever21.com/images/sw_22/00298437-02.jpg,,,https://www.forever21.com/ca/shop/catalog/product/f21/sweater/2000298437,-4
https://www.forever21.com/ca/shop/catalog/product/f21/sale/2000229384,https://www.forever21.com/images/4_full_330/00229384-06.jpg,https://www.forever21.com/images/default_330/00229384-06.jpg,$20.99 ,30.90,33% OFF,Heathered Drawstring Hoodie,https://www.forever21.com/images/sw_22/00229384-06.jpg,https://www.forever21.com/images/sw_22/00229384-05.jpg,2 Colors,https://www.forever21.com/ca/shop/catalog/product/f21/sale/2000229384,-3
https://www.forever21.com/ca/shop/catalog/product/f21/top_t-shirts/2000192917,https://www.forever21.com/images/4_full_330/00192917-03.jpg,https://www.forever21.com/images/default_330/00192917-03.jpg,$13.99 ,20.90,34% OFF,Contemporary Lace-Up Top,https://www.forever21.com/images/sw_22/00192917-03.jpg,https://www.forever21.com/images/sw_22/00192917-04.jpg,2 Colors,,
https://www.forever21.com/ca/shop/catalog/product/f21/dress_bodycon/2000314731,https://www.forever21.com/images/4_full_330/00314731-03.jpg,https://www.forever21.com/images/default_330/00314731-03.jpg,$23.99 ,35.00,32% OFF,Ribbed Knit Bodycon Dress,https://www.forever21.com/images/sw_22/00314731-03.jpg,https://www.forever21.com/images/sw_22/00314731-01.jpg,3 Colors,https://www.forever21.com/ca/shop/catalog/product/f21/dress_bodycon/2000314731,-2
https://www.forever21.com/ca/shop/catalog/product/f21/sale/2000214704,https://www.forever21.com/images/4_full_330/00214704-04.jpg,https://www.forever21.com/images/default_330/00214704-04.jpg,$13.99 ,20.90,34% OFF,Boxy Cotton Tee,https://www.forever21.com/images/sw_22/00214704-04.jpg,https://www.forever21.com/images/sw_22/00214704-03.jpg,2 Colors,https://www.forever21.com/ca/shop/catalog/product/f21/sale/2000214704,-6
https://www.forever21.com/ca/shop/catalog/product/f21/sale/2000292833,https://www.forever21.com/images/5_detail_330/00292833-02.jpg,https://www.forever21.com/images/default_330/00292833-02.jpg,$16.99 ,24.90,32% OFF,Camo Denim Mini Skirt,https://www.forever21.com/images/sw_22/00292833-02.jpg,,,https://www.forever21.com/ca/shop/catalog/product/f21/sale/2000292833,-5
https://www.forever21.com/ca/shop/catalog/product/f21/top_blouses/2000193809,https://www.forever21.com/images/5_detail_330/00193809-02.jpg,https://www.forever21.com/images/default_330/00193809-02.jpg,$20.99 ,30.90,33% OFF,Leopard Print Baseball Jersey,https://www.forever21.com/images/sw_22/00193809-02.jpg,,,https://www.forever21.com/ca/shop/catalog/product/f21/top_blouses/2000193809,-3
https://www.forever21.com/ca/shop/catalog/product/f21/top_t-shirts/2000209615,https://www.forever21.com/images/4_full_330/00209615-01.jpg,https://www.forever21.com/images/default_330/00209615-01.jpg,$13.99 ,20.90,34% OFF,Contemporary Striped Tee,https://www.forever21.com/images/sw_22/00209615-01.jpg,,,,
https://www.forever21.com/ca/shop/catalog/product/f21/top_blouses/2000236324,https://www.forever21.com/images/5_detail_330/00236324-03.jpg,https://www.forever21.com/images/default_330/00236324-03.jpg,$20.99 ,30.90,33% OFF,Babe Graphic Baseball Jersey,https://www.forever21.com/images/sw_22/00236324-03.jpg,,,,
https://www.forever21.com/ca/shop/catalog/product/f21/sale/2000207307,https://www.forever21.com/images/4_full_330/00207307-01.jpg,https://www.forever21.com/images/default_330/00207307-01.jpg,$29.99 ,30.90,3% OFF,Distressed Buffalo Plaid Shirt,https://www.forever21.com/images/sw_22/00207307-01.jpg,,,https://www.forever21.com/ca/shop/catalog/product/f21/sale/2000207307,-4
https://www.forever21.com/ca/shop/catalog/product/f21/sale/2000135207,https://www.forever21.com/images/4_full_330/00135207-02.jpg,https://www.forever21.com/images/default_330/00135207-02.jpg,$15.99 ,33.90,53% OFF,Raw-Hem Denim Mini Skirt,https://www.forever21.com/images/sw_22/00135207-02.jpg,,,https://www.forever21.com/ca/shop/catalog/product/f21/sale/2000135207,-5
https://www.forever21.com/ca/shop/catalog/product/f21/top_t-shirts/2000341079,https://www.forever21.com/images/5_detail_330/00341079-05.jpg,https://www.forever21.com/images/default_330/00341079-05.jpg,$11.99 ,17.90,34% OFF,Ruched Cami Bodysuit,https://www.forever21.com/images/sw_22/00341079-05.jpg,https://www.forever21.com/images/sw_22/00341079-04.jpg,2 Colors,https://www.forever21.com/ca/shop/catalog/product/f21/top_t-shirts/2000341079,-3
https://www.forever21.com/ca/shop/catalog/product/f21/top_t-shirts/2000343023,https://www.forever21.com/images/4_full_330/00343023-05.jpg,https://www.forever21.com/images/default_330/00343023-05.jpg,$12.99 ,19.90,35% OFF,Square Neck Cropped Cami,https://www.forever21.com/images/sw_22/00343023-05.jpg,https://www.forever21.com/images/sw_22/00343023-03.jpg,2 Colors,https://www.forever21.com/ca/shop/catalog/product/f21/top_t-shirts/2000343023,-10
https://www.forever21.com/ca/shop/catalog/product/f21/activewear/2000325689,https://www.forever21.com/images/4_full_330/00325689-01.jpg,https://www.forever21.com/images/default_330/00325689-01.jpg,$10.99 ,15.90,31% OFF,Active Ribbed Cropped Cami,https://www.forever21.com/images/sw_22/00325689-01.jpg,https://www.forever21.com/images/sw_22/00325689-03.jpg,2 Colors,https://www.forever21.com/ca/shop/catalog/product/f21/activewear/2000325689,-13
https://www.forever21.com/ca/shop/catalog/product/f21/dress_bodycon/2000337776,https://www.forever21.com/ca/shop/_common/images/c_loading.gif,https://www.forever21.com/images/default_330/00337776-05.jpg,$12.99 ,19.90,35% OFF,Off-the-Shoulder Bodycon Dress,https://www.forever21.com/images/sw_22/00337776-05.jpg,https://www.forever21.com/images/sw_22/00337776-04.jpg,2 Colors,https://www.forever21.com/ca/shop/catalog/product/f21/dress_bodycon/2000337776,-3
https://www.forever21.com/ca/shop/catalog/product/f21/top_blouses/2000334827,https://www.forever21.com/images/4_full_330/00334827-04.jpg,https://www.forever21.com/images/default_330/00334827-04.jpg,$10.99 ,15.90,31% OFF,Striped Cami Top,https://www.forever21.com/images/sw_22/00334827-04.jpg,https://www.forever21.com/images/sw_22/00334827-03.jpg,2 Colors,,
https://www.forever21.com/ca/shop/catalog/product/f21/top_t-shirts/2000333306,https://www.forever21.com/images/4_full_330/00333306-06.jpg,https://www.forever21.com/images/default_330/00333306-06.jpg,$12.99 ,19.90,35% OFF,Self-Tie Hem Tee,https://www.forever21.com/images/sw_22/00333306-06.jpg,https://www.forever21.com/images/sw_22/00333306-05.jpg,3 Colors,,
https://www.forever21.com/ca/shop/catalog/product/f21/top_t-shirts/2000336655,https://www.forever21.com/ca/shop/_common/images/c_loading.gif,https://www.forever21.com/images/default_330/00336655-05.jpg,$11.99 ,17.90,34% OFF,Floral Print Cropped Cami,https://www.forever21.com/images/sw_22/00336655-05.jpg,https://www.forever21.com/images/sw_22/00336655-04.jpg,2 Colors,,
https://www.forever21.com/ca/shop/catalog/product/f21/top_t-shirts/2000332145,https://www.forever21.com/ca/shop/_common/images/c_loading.gif,https://www.forever21.com/images/default_330/00332145-05.jpg,$11.99 ,17.90,34% OFF,Ribbed Striped Crop Top,https://www.forever21.com/images/sw_22/00332145-05.jpg,https://www.forever21.com/images/sw_22/00332145-04.jpg,3 Colors,https://www.forever21.com/ca/shop/catalog/product/f21/top_t-shirts/2000332145,-7
https://www.forever21.com/ca/shop/catalog/product/f21/top_t-shirts/2000326280,https://www.forever21.com/images/4_full_330/00326280-05.jpg,https://www.forever21.com/images/default_330/00326280-05.jpg,$11.99 ,17.90,34% OFF,Faded Knit Tee,https://www.forever21.com/images/sw_22/00326280-05.jpg,,,https://www.forever21.com/ca/shop/catalog/product/f21/top_t-shirts/2000326280,-1
https://www.forever21.com/ca/shop/catalog/product/f21/top_t-shirts/2000338947,https://www.forever21.com/images/4_full_330/00338947-08.jpg,https://www.forever21.com/images/default_330/00338947-08.jpg,$11.99 ,17.90,34% OFF,Solid V-Cutout Tee,https://www.forever21.com/images/sw_22/00338947-08.jpg,https://www.forever21.com/images/sw_22/00338947-07.jpg,2 Colors,,
https://www.forever21.com/ca/shop/catalog/product/f21/outerwear_utility-jackets/2000339379,https://www.forever21.com/images/4_full_330/00339379-04.jpg,https://www.forever21.com/images/default_330/00339379-04.jpg,$19.99 ,29.90,34% OFF,Zip-Front Hooded Jacket,https://www.forever21.com/images/sw_22/00339379-04.jpg,https://www.forever21.com/images/sw_22/00339379-03.jpg,2 Colors,https://www.forever21.com/ca/shop/catalog/product/f21/outerwear_utility-jackets/2000339379,-10
https://www.forever21.com/ca/shop/catalog/product/f21/top_blouses/2000346170,https://www.forever21.com/images/5_detail_330/00346170-04.jpg,https://www.forever21.com/images/default_330/00346170-04.jpg,$12.99 ,19.90,35% OFF,Crinkled High-Neck Cami,https://www.forever21.com/images/sw_22/00346170-04.jpg,https://www.forever21.com/images/sw_22/00346170-03.jpg,2 Colors,https://www.forever21.com/ca/shop/catalog/product/f21/top_blouses/2000346170,-4
https://www.forever21.com/ca/shop/catalog/product/f21/shoes_sandalsflipflops/2000335004,https://www.forever21.com/images/5_detail_330/00335004-03.jpg,https://www.forever21.com/images/default_330/00335004-03.jpg,$12.99 ,19.90,35% OFF,Strappy Faux Leather Sandals,https://www.forever21.com/images/sw_22/00335004-03.jpg,https://www.forever21.com/images/sw_22/00335004-02.jpg,2 Colors,https://www.forever21.com/ca/shop/catalog/product/f21/shoes_sandalsflipflops/2000335004,-2
https://www.forever21.com/ca/shop/catalog/product/f21/top_t-shirts/2000328432,https://www.forever21.com/images/4_full_330/00328432-06.jpg,https://www.forever21.com/images/default_330/00328432-06.jpg,$6.99 ,11.00,37% OFF,Raglan Cropped Tee,https://www.forever21.com/images/sw_22/00328432-06.jpg,https://www.forever21.com/images/sw_22/00328432-08.jpg,2 Colors,https://www.forever21.com/ca/shop/catalog/product/f21/top_t-shirts/2000328432,-7
https://www.forever21.com/ca/shop/catalog/product/f21/activewear/2000329369,https://www.forever21.com/ca/shop/_common/images/c_loading.gif,https://www.forever21.com/images/default_330/00329369-03.jpg,$23.99 ,34.90,32% OFF,Active Hooded Jacket,https://www.forever21.com/images/sw_22/00329369-03.jpg,,,https://www.forever21.com/ca/shop/catalog/product/f21/activewear/2000329369,-17
https://www.forever21.com/ca/shop/catalog/product/f21/shoes_sandalsflipflops/2000334060,https://www.forever21.com/images/4_full_330/00334060-02.jpg,https://www.forever21.com/images/default_330/00334060-02.jpg,$12.99 ,19.90,35% OFF,Faux Leather Fisherman Sandals,https://www.forever21.com/images/sw_22/00334060-02.jpg,https://www.forever21.com/images/sw_22/00334060-03.jpg,2 Colors,https://www.forever21.com/ca/shop/catalog/product/f21/shoes_sandalsflipflops/2000334060,-2
https://www.forever21.com/ca/shop/catalog/product/f21/dress_bodycon/2000345189,https://www.forever21.com/images/4_full_330/00345189-02.jpg,https://www.forever21.com/images/default_330/00345189-02.jpg,$19.99 ,29.90,34% OFF,Open-Knit Cami Dress,https://www.forever21.com/images/sw_22/00345189-02.jpg,,,https://www.forever21.com/ca/shop/catalog/product/f21/dress_bodycon/2000345189,-1
https://www.forever21.com/ca/shop/catalog/product/f21/top_blouses/2000338840,https://www.forever21.com/images/5_detail_330/00338840-04.jpg,https://www.forever21.com/images/default_330/00338840-04.jpg,$8.99 ,12.90,31% OFF,Striped Influencer Graphic Tee,https://www.forever21.com/images/sw_22/00338840-04.jpg,,,https://www.forever21.com/ca/shop/catalog/product/f21/top_blouses/2000338840,-2
https://www.forever21.com/ca/shop/catalog/product/f21/top_t-shirts/2000338696,https://www.forever21.com/images/4_full_330/00338696-05.jpg,https://www.forever21.com/images/default_330/00338696-05.jpg,$8.99 ,12.90,31% OFF,Ribbed Curved-Hem Tee,https://www.forever21.com/images/sw_22/00338696-05.jpg,,,,
https://www.forever21.com/ca/shop/catalog/product/f21/top_t-shirts/2000346245,https://www.forever21.com/images/4_full_330/00346245-04.jpg,https://www.forever21.com/images/default_330/00346245-04.jpg,$5.99 ,9.90,40% OFF,Ribbed Striped Halter Top,https://www.forever21.com/images/sw_22/00346245-04.jpg,https://www.forever21.com/images/sw_22/00346245-05.jpg,2 Colors,,
https://www.forever21.com/ca/shop/catalog/product/f21/top_t-shirts/2000347288,https://www.forever21.com/images/4_full_330/00347288-02.jpg,https://www.forever21.com/images/default_330/00347288-02.jpg,$15.99 ,22.90,31% OFF,Off-the-Shoulder Crop Top,https://www.forever21.com/images/sw_22/00347288-02.jpg,,,https://www.forever21.com/ca/shop/catalog/product/f21/top_t-shirts/2000347288,-4
https://www.forever21.com/ca/shop/catalog/product/f21/activewear/2000334527,https://www.forever21.com/images/4_full_330/00334527-02.jpg,https://www.forever21.com/images/default_330/00334527-02.jpg,$10.99 ,15.90,31% OFF,Active Run Graphic Muscle Tee,https://www.forever21.com/images/sw_22/00334527-02.jpg,https://www.forever21.com/images/sw_22/00334527-01.jpg,4 Colors,https://www.forever21.com/ca/shop/catalog/product/f21/activewear/2000334527,-3
https://www.forever21.com/ca/shop/catalog/product/f21/sale/2000276323,https://www.forever21.com/images/7_additional_330/00276323-01.jpg,https://www.forever21.com/images/default_330/00276323-01.jpg,$29.90 ,33.90,12% OFF,Bandana Print One-Piece Swimsuit,https://www.forever21.com/images/sw_22/00276323-01.jpg,,,,
https://www.forever21.com/ca/shop/catalog/product/f21/21_items/2000333423,https://www.forever21.com/images/5_detail_330/00333423-06.jpg,https://www.forever21.com/images/default_330/00333423-06.jpg,$8.99 ,12.90,31% OFF,Bodycon Mini Skirt,https://www.forever21.com/images/sw_22/00333423-06.jpg,https://www.forever21.com/images/sw_22/00333423-07.jpg,3 Colors,https://www.forever21.com/ca/shop/catalog/product/f21/21_items/2000333423,-7
https://www.forever21.com/ca/shop/catalog/product/f21/sale/1000337398,https://www.forever21.com/images/4_full_330/00337398-03.jpg,https://www.forever21.com/images/default_330/00337398-03.jpg,$4.99 ,7.90,37% OFF,Oval Tinted Sunglasses,https://www.forever21.com/images/sw_22/00337398-03.jpg,,,,
https://www.forever21.com/ca/shop/catalog/product/f21/top_blouses/2000340698,https://www.forever21.com/images/6_flat_330/00340698-01.jpg,https://www.forever21.com/images/default_330/00340698-01.jpg,$8.99 ,12.90,31% OFF,Embroidered Baby Girl Tee,https://www.forever21.com/images/sw_22/00340698-01.jpg,,,https://www.forever21.com/ca/shop/catalog/product/f21/top_blouses/2000340698,-4
https://www.forever21.com/ca/shop/catalog/product/f21/21_items/2000331363,https://www.forever21.com/images/5_detail_330/00331363-05.jpg,https://www.forever21.com/images/default_330/00331363-05.jpg,$12.99 ,19.90,35% OFF,Linen-Blend Striped Shorts,https://www.forever21.com/images/sw_22/00331363-05.jpg,https://www.forever21.com/images/sw_22/00331363-04.jpg,2 Colors,https://www.forever21.com/ca/shop/catalog/product/f21/21_items/2000331363,-10
https://www.forever21.com/ca/shop/catalog/product/f21/top_t-shirts/2000340415,https://www.forever21.com/images/5_detail_330/00340415-01.jpg,https://www.forever21.com/images/default_330/00340415-01.jpg,$10.99 ,15.90,31% OFF,Progress Graphic Tee,https://www.forever21.com/images/sw_22/00340415-01.jpg,,,https://www.forever21.com/ca/shop/catalog/product/f21/top_t-shirts/2000340415,-6
https://www.forever21.com/ca/shop/catalog/product/f21/top_t-shirts/2000335647,https://www.forever21.com/images/5_detail_330/00335647-05.jpg,https://www.forever21.com/images/default_330/00335647-05.jpg,$8.99 ,12.90,31% OFF,Ribbed Crop Top,https://www.forever21.com/images/sw_22/00335647-05.jpg,,,https://www.forever21.com/ca/shop/catalog/product/f21/top_t-shirts/2000335647,-5
https://www.forever21.com/ca/shop/catalog/product/f21/dress_casual/2000349516,https://www.forever21.com/images/7_additional_330/00349516-03.jpg,https://www.forever21.com/images/default_330/00349516-03.jpg,$22.99 ,32.90,31% OFF,Floral & Leaf Print Maxi Dress,https://www.forever21.com/images/sw_22/00349516-03.jpg,,,,
https://www.forever21.com/ca/shop/catalog/product/f21/top_t-shirts/2000337330,https://www.forever21.com/images/5_detail_330/00337330-03.jpg,https://www.forever21.com/images/default_330/00337330-03.jpg,$10.99 ,15.90,31% OFF,Tie-Front Cutout Bralette,https://www.forever21.com/images/sw_22/00337330-03.jpg,https://www.forever21.com/images/sw_22/00337330-04.jpg,2 Colors,,
https://www.forever21.com/ca/shop/catalog/product/f21/shoes_sandalsflipflops/2000333321,https://www.forever21.com/images/4_full_330/00333321-02.jpg,https://www.forever21.com/images/default_330/00333321-02.jpg,$10.99 ,15.90,31% OFF,Strappy Wraparound Sandals,https://www.forever21.com/images/sw_22/00333321-02.jpg,,,https://www.forever21.com/ca/shop/catalog/product/f21/shoes_sandalsflipflops/2000333321,-9
https://www.forever21.com/ca/shop/catalog/product/f21/top_t-shirts/2000358958,https://www.forever21.com/images/4_full_330/00358958-01.jpg,https://www.forever21.com/images/default_330/00358958-01.jpg,$14.99 ,22.00,32% OFF,Ruched Crop Top,https://www.forever21.com/images/sw_22/00358958-01.jpg,https://www.forever21.com/images/sw_22/00358958-02.jpg,3 Colors,,
https://www.forever21.com/ca/shop/catalog/product/f21/top_t-shirts/2000320910,https://www.forever21.com/ca/shop/_common/images/c_loading.gif,https://www.forever21.com/images/default_330/00320910-06.jpg,$12.99 ,19.90,35% OFF,Striped Ribbed Thong Bodysuit,https://www.forever21.com/images/sw_22/00320910-06.jpg,https://www.forever21.com/images/sw_22/00320910-04.jpg,2 Colors,,
https://www.forever21.com/ca/shop/catalog/product/f21/shoes_sandalsflipflops/2000335426,https://www.forever21.com/images/5_detail_330/00335426-04.jpg,https://www.forever21.com/images/default_330/00335426-04.jpg,$10.99 ,15.90,31% OFF,Strappy Jelly Sandals,https://www.forever21.com/images/sw_22/00335426-04.jpg,https://www.forever21.com/images/sw_22/00335426-03.jpg,2 Colors,https://www.forever21.com/ca/shop/catalog/product/f21/shoes_sandalsflipflops/2000335426,-6
https://www.forever21.com/ca/shop/catalog/product/f21/shoes_sandalsflipflops/2000335991,https://www.forever21.com/images/4_full_330/00335991-04.jpg,https://www.forever21.com/images/default_330/00335991-04.jpg,$12.99 ,19.90,35% OFF,Open Toe Sandals,https://www.forever21.com/images/sw_22/00335991-04.jpg,,,,
https://www.forever21.com/ca/shop/catalog/product/f21/top_t-shirts/2000339140,https://www.forever21.com/images/4_full_330/00339140-06.jpg,https://www.forever21.com/images/default_330/00339140-06.jpg,$11.99 ,17.90,34% OFF,Striped Self-Tie Cami,https://www.forever21.com/images/sw_22/00339140-06.jpg,,,,
https://www.forever21.com/ca/shop/catalog/product/f21/top_t-shirts/2000334627,https://www.forever21.com/images/4_full_330/00334627-03.jpg,https://www.forever21.com/images/default_330/00334627-03.jpg,$12.99 ,19.90,35% OFF,Boxy Dolman Top,https://www.forever21.com/images/sw_22/00334627-03.jpg,https://www.forever21.com/images/sw_22/00334627-04.jpg,2 Colors,https://www.forever21.com/ca/shop/catalog/product/f21/top_t-shirts/2000334627,-8
https://www.forever21.com/ca/shop/catalog/product/f21/sale/2000328152,https://www.forever21.com/images/4_full_330/00328152-04.jpg,https://www.forever21.com/images/default_330/00328152-04.jpg,$10.99 ,15.90,31% OFF,Contrast V-Neck Tee,https://www.forever21.com/images/sw_22/00328152-04.jpg,https://www.forever21.com/images/sw_22/00328152-03.jpg,3 Colors,,
https://www.forever21.com/ca/shop/catalog/product/f21/sale/2000249829,https://www.forever21.com/images/5_detail_330/00249829-01.jpg,https://www.forever21.com/images/default_330/00249829-01.jpg,$13.99 ,20.90,34% OFF,Cheerleader Graphic Ringer Tee,https://www.forever21.com/images/sw_22/00249829-01.jpg,,,https://www.forever21.com/ca/shop/catalog/product/f21/sale/2000249829,-2
https://www.forever21.com/ca/shop/catalog/product/f21/21_items/2000331007,https://www.forever21.com/images/4_full_330/00331007-05.jpg,https://www.forever21.com/images/default_330/00331007-05.jpg,$12.99 ,19.90,35% OFF,Corduroy Lace-Up Mini Skirt,https://www.forever21.com/images/sw_22/00331007-05.jpg,https://www.forever21.com/images/sw_22/00331007-07.jpg,2 Colors,https://www.forever21.com/ca/shop/catalog/product/f21/21_items/2000331007,-6
https://www.forever21.com/ca/shop/catalog/product/f21/shoes_sandalsflipflops/2000337308,https://www.forever21.com/images/5_detail_330/00337308-03.jpg,https://www.forever21.com/images/default_330/00337308-03.jpg,$16.99 ,24.90,32% OFF,Braided Faux Leather Sandals,https://www.forever21.com/images/sw_22/00337308-03.jpg,https://www.forever21.com/images/sw_22/00337308-02.jpg,2 Colors,,
https://www.forever21.com/ca/shop/catalog/product/f21/top_t-shirts/2000335922,https://www.forever21.com/images/4_full_330/00335922-07.jpg,https://www.forever21.com/images/default_330/00335922-07.jpg,$8.99 ,12.90,31% OFF,Off-the-Shoulder Ribbed Top,https://www.forever21.com/images/sw_22/00335922-07.jpg,,,,
https://www.forever21.com/ca/shop/catalog/product/f21/21_items/2000337800,https://www.forever21.com/images/5_detail_330/00337800-05.jpg,https://www.forever21.com/images/default_330/00337800-05.jpg,$11.99 ,17.90,34% OFF,Ribbed Striped Mini Skirt,https://www.forever21.com/images/sw_22/00337800-05.jpg,https://www.forever21.com/images/sw_22/00337800-04.jpg,3 Colors,,
https://www.forever21.com/ca/shop/catalog/product/f21/dress_bodycon/2000299337,https://www.forever21.com/images/4_full_330/00299337-01.jpg,https://www.forever21.com/images/default_330/00299337-01.jpg,$32.00 ,33.00,4% OFF,Camo Tube Bodycon Mini Dress,https://www.forever21.com/images/sw_22/00299337-01.jpg,https://www.forever21.com/images/sw_22/00299337-02.jpg,3 Colors,https://www.forever21.com/ca/shop/catalog/product/f21/dress_bodycon/2000299337,-2
https://www.forever21.com/ca/shop/catalog/product/f21/top_t-shirts/2000331583,https://www.forever21.com/images/4_full_330/00331583-05.jpg,https://www.forever21.com/images/default_330/00331583-05.jpg,$10.00 ,17.90,45% OFF,Knotted-Hem Ringer Tee,https://www.forever21.com/images/sw_22/00331583-05.jpg,https://www.forever21.com/images/sw_22/00331583-06.jpg,4 Colors,,
https://www.forever21.com/ca/shop/catalog/product/f21/sale/2000064895,https://www.forever21.com/images/4_full_330/00064895-04.jpg,https://www.forever21.com/images/default_330/00064895-04.jpg,$10.99 ,22.90,53% OFF,Velvet Sleeveless Hoodie,https://www.forever21.com/images/sw_22/00064895-04.jpg,https://www.forever21.com/images/sw_22/00064895-03.jpg,2 Colors,https://www.forever21.com/ca/shop/catalog/product/f21/sale/2000064895,-3
https://www.forever21.com/ca/shop/catalog/product/f21/top_t-shirts/2000337690,https://www.forever21.com/images/5_detail_330/00337690-03.jpg,https://www.forever21.com/images/default_330/00337690-03.jpg,$12.99 ,19.90,35% OFF,Colorblock Halter Top,https://www.forever21.com/images/sw_22/00337690-03.jpg,,,https://www.forever21.com/ca/shop/catalog/product/f21/top_t-shirts/2000337690,-6
https://www.forever21.com/ca/shop/catalog/product/f21/top_blouses/2000341629,https://www.forever21.com/images/5_detail_330/00341629-01.jpg,https://www.forever21.com/images/default_330/00341629-01.jpg,$15.99 ,22.90,31% OFF,Selena Cropped Tank Top,https://www.forever21.com/images/sw_22/00341629-01.jpg,,,https://www.forever21.com/ca/shop/catalog/product/f21/top_blouses/2000341629,-4
https://www.forever21.com/ca/shop/catalog/product/f21/sale_women/2000341766,https://www.forever21.com/images/6_flat_330/00341766-02.jpg,https://www.forever21.com/images/default_330/00341766-02.jpg,$10.99 ,15.90,31% OFF,2002 Graphic Mini Skirt,https://www.forever21.com/images/sw_22/00341766-02.jpg,,,https://www.forever21.com/ca/shop/catalog/product/f21/sale_women/2000341766,-3
https://www.forever21.com/ca/shop/catalog/product/f21/top_t-shirts/2000332690,https://www.forever21.com/images/5_detail_330/00332690-05.jpg,https://www.forever21.com/images/default_330/00332690-05.jpg,$12.99 ,19.90,35% OFF,Ribbed Lace-Up Bodysuit,https://www.forever21.com/images/sw_22/00332690-05.jpg,,,https://www.forever21.com/ca/shop/catalog/product/f21/top_t-shirts/2000332690,-3
https://www.forever21.com/ca/shop/catalog/product/f21/activewear/2000328953,https://www.forever21.com/images/4_full_330/00328953-03.jpg,https://www.forever21.com/images/default_330/00328953-03.jpg,$22.99 ,32.90,31% OFF,Active Nylon Anorak,https://www.forever21.com/images/sw_22/00328953-03.jpg,https://www.forever21.com/images/sw_22/00328953-01.jpg,3 Colors,,
https://www.forever21.com/ca/shop/catalog/product/f21/top_t-shirts/2000332759,https://www.forever21.com/images/6_flat_330/00332759-02.jpg,https://www.forever21.com/images/default_330/00332759-02.jpg,$15.99 ,22.90,31% OFF,Embroidered Crop Top,https://www.forever21.com/images/sw_22/00332759-02.jpg,,,https://www.forever21.com/ca/shop/catalog/product/f21/top_t-shirts/2000332759,-2
